,text
0,How do you ensure that your data science models are fair and unbiased?
1,"What tools and techniques do you use for data visualization, and why?"
2,Can you explain the concept and importance of data normalization?
3,How would you handle imbalanced datasets in a classification problem?
4,What is the difference between a Type I and Type II error?
5,Can you describe a situation where a simpler model is preferable over a complex one?
6,How do you approach feature selection in a dataset?
7,What are the advantages and disadvantages of tree-based models?
8,How do you evaluate the performance of a regression model?
9,"What is cross-validation, and why is it important?"
10,Can you discuss a time when you had to clean a particularly messy dataset?
11,How do you stay informed about the latest data science trends and techniques?
12,What is your experience with cloud computing platforms like AWS or Google Cloud?
13,Can you explain the concept of dimensionality reduction and its applications?
14,What are the key considerations when building a recommendation system?
15,How do you test and validate a machine learning model?
16,Can you discuss the differences between batch and real-time data processing?
17,What is your experience with deep learning frameworks like TensorFlow or PyTorch?
18,How would you approach a problem where the data is extremely large and high-dimensional?
19,Can you explain the concept of a convolutional neural network (CNN)?
20,What methods do you use to ensure the reproducibility of your data analyses?
21,How do you handle missing data in time series analysis?
22,"What is the role of A/B testing in data science, and how do you implement it?"
23,How do you approach the ethical considerations in a data science project?
24,Can you explain the concept of natural language processing (NLP) and its applications?
25,What are the common challenges in predictive modeling?
26,How do you choose between different algorithms for the same data science problem?
27,What is your experience with data warehousing solutions?
28,Can you discuss a project where you had to use advanced statistical methods?
29,What is the significance of p-values and confidence intervals in hypothesis testing?
30,How do you interpret the results of a logistic regression analysis?
31,What techniques do you use to ensure data security and privacy?
32,How would you use data science to drive business decisions?
33,Can you describe your process for developing and deploying a machine learning model?
34,What is the importance of data governance in a data science project?
35,Can you discuss the challenges and opportunities of working with unstructured data?
36,What is your experience with distributed computing systems like Hadoop or Spark?
37,How do you approach the scalability of data science models?
38,Can you explain the concept of reinforcement learning and its potential uses?
39,What strategies do you use to communicate complex data findings to a non-technical audience?
40,How do you prioritize tasks in a data science project with tight deadlines?
41,Can you discuss a case where you had to optimize a model for performance?
42,What is your experience with time series forecasting?
43,How do you approach the challenge of integrating different data sources?
44,Can you explain the importance of model interpretability and transparency?
45,What techniques do you use for anomaly detection in datasets?
46,How do you determine the right level of model complexity for a task?
47,Can you discuss the role of domain knowledge in data science?
48,What is your approach to training and tuning neural networks?
49,How do you assess the business impact of your data science work?
50,How do you assess the impact of outliers in your data analysis?
51,What methods do you use for handling class imbalance in a dataset?
52,Can you discuss your experience with graph databases and their applications?
53,What is the importance of data lineage in a data science project?
54,How do you approach building and maintaining data pipelines?
55,Can you explain the concept of data federation and its significance?
56,What are your strategies for dealing with underfitting in a machine learning model?
57,How do you determine the appropriate sampling method for a dataset?
58,What is the role of data cataloging in managing a large data ecosystem?
59,Can you discuss your experience with automated machine learning (AutoML)?
60,How do you ensure the scalability and efficiency of your data processing workflows?
61,What approaches do you use for sentiment analysis in text data?
62,Can you explain the concept of graph analytics and its business applications?
63,What are the challenges in working with multi-modal data?
64,How do you approach data integration from disparate sources?
65,What is your experience with edge computing in data processing?
66,Can you discuss the use of transfer learning in machine learning projects?
67,How do you approach the validation and testing of AI models in production?
68,What methods do you use for causal inference in observational data?
69,Can you explain the importance of metadata management in a data science project?
70,What strategies do you employ for effective data governance?
71,How do you manage and optimize data storage for large datasets?
72,What is your approach to conducting exploratory data analysis (EDA)?
73,Can you discuss the challenges in real-time analytics?
74,What are your techniques for feature engineering in machine learning?
75,How do you approach the challenge of data drift in machine learning models?
76,What is your experience with federated learning?
77,Can you explain the role of quantum computing in future data science?
78,How do you handle version control for data science projects?
79,What methods do you use for predictive maintenance using data science?
80,How do you assess the ROI of a data science project?
81,What is your approach to managing and analyzing streaming data?
82,Can you discuss the application of blockchain technology in data management?
83,What are the key factors in ensuring data quality in a project?
84,How do you approach the challenge of data anonymization and privacy?
85,What is your experience with geospatial data analysis?
86,Can you discuss the use of text mining techniques in natural language processing?
87,How do you validate the assumptions in your data models?
88,What approaches do you use for fraud detection using data science?
89,Can you explain the significance of cloud-native technologies in data science?
90,What is your approach to dealing with data compliance and regulatory issues?
91,How do you use data science to enhance user experience and engagement?
92,Can you discuss the integration of IoT data in analytics projects?
93,What are your strategies for optimizing database performance in data-intensive applications?
94,How do you approach ethical decision-making in AI and machine learning?
95,What techniques do you use for risk modeling and assessment?
96,Can you explain the use of augmented reality in data visualization?
97,How do you approach the challenge of aligning data science projects with business strategy?
98,What is your experience with no-code/low-code platforms in data science?
99,How do you measure the effectiveness of a data science team within an organization?
100,Can you discuss the role of artificial intelligence in climate change research?
101,How do you approach the challenge of synthesizing insights from large-scale social media data?
102,What are the implications of 5G technology on data analytics?
103,Can you explain the role of edge AI in modern data processing?
104,What strategies do you use for managing cybersecurity risks in data projects?
105,How do you apply data science techniques in the field of genomics and bioinformatics?
106,Can you discuss the use of data science in optimizing supply chain management?
107,What is your approach to using data science in healthcare analytics?
108,How do you leverage data science for customer segmentation and personalization?
109,Can you explain the application of AI in autonomous vehicle technology?
110,What are the challenges and opportunities of using AI in financial fraud detection?
111,How do you use data science to improve energy efficiency in smart grids?
112,Can you discuss the role of data science in enhancing public safety and emergency response?
113,What is your approach to using machine learning in agricultural technology?
114,How do you apply data science techniques in the field of educational technology?
115,Can you explain the use of predictive analytics in sports analytics?
116,What are the data science applications in the field of urban planning and smart cities?
117,How do you leverage AI for content generation and creative industries?
118,Can you discuss the impact of virtual reality on data visualization and analysis?
119,What is your approach to integrating AI in retail and e-commerce strategies?
120,How do you use data science in the field of digital marketing and advertising?
121,Can you explain the role of AI in enhancing customer service and support?
122,What are the ethical considerations in using AI for surveillance and security?
123,How do you approach data science in the context of the Internet of Things (IoT)?
124,Can you discuss the use of AI in drug discovery and pharmaceutical research?
125,What is your approach to predictive maintenance in industrial settings using data science?
126,How do you leverage data science for risk assessment in insurance and actuarial science?
127,Can you explain the use of data science in media and entertainment analytics?
128,What are the challenges of using AI in legal analytics and contract review?
129,How do you use AI to optimize content recommendation algorithms?
130,Can you discuss the role of data science in combating misinformation and fake news?
131,What is your approach to using AI for language translation and localization?
132,How do you leverage data science in the development of smart home technologies?
133,Can you explain the application of machine learning in weather forecasting and climate modeling?
134,What are the implications of AI in national security and defense analytics?
135,How do you use data science to optimize logistics and transportation networks?
136,Can you discuss the use of AI in enhancing the capabilities of human resources management?
137,What is your approach to using AI for talent acquisition and recruitment analytics?
138,How do you apply data science in the field of mental health and wellness technology?
139,Can you explain the role of machine learning in audio signal processing and music analysis?
140,What are the challenges in applying AI to real estate market analysis and property valuation?
141,How do you use AI to enhance the user experience in video gaming and interactive media?
142,Can you discuss the role of data science in political campaign analysis and electoral forecasting?
143,What is your approach to using AI in product design and development?
144,How do you leverage data science in the field of corporate social responsibility and sustainability?
145,Can you explain the use of AI in detecting and responding to cyber threats and attacks?
146,What are the data science applications in the field of archaeology and cultural heritage preservation?
147,How do you use AI for image and video analysis in various industries?
148,Can you discuss the role of data science in the development of renewable energy solutions?
149,What is your approach to using machine learning in the food and beverage industry for quality control?
150,How do you interpret the results from a Principal Component Analysis (PCA)?
151,Can you explain the concept and applications of Markov Chains in predictive modeling?
152,What is the Central Limit Theorem and why is it important in statistics?
153,How do you determine the optimal number of clusters in a K-means clustering algorithm?
154,Can you explain the differences between L1 and L2 regularization?
155,"What are eigenvalues and eigenvectors, and how are they used in data science?"
156,How do you use hypothesis testing to validate the results of a data analysis?
157,Can you discuss the application of Poisson distributions in data modeling?
158,What is the concept of statistical power in hypothesis testing?
159,How do you apply the Bayes Theorem in machine learning?
160,Can you explain the importance of the bias-variance tradeoff in model training?
161,What methods do you use to estimate the probability distributions of data?
162,How do you apply linear algebra in the context of data science?
163,Can you discuss the use of Monte Carlo simulations in risk analysis?
164,What is the importance of conditional probability in decision-making processes?
165,How do you assess the significance of coefficients in a linear regression model?
166,Can you explain the concept of a confidence interval and its interpretation?
167,What are the applications of survival analysis in data science?
168,How do you handle multicollinearity in a dataset?
169,Can you discuss the role of AUC-ROC curves in evaluating classification models?
170,What is the concept of time series decomposition?
171,How do you use queuing theory in modeling and simulation?
172,Can you explain the importance of the Law of Large Numbers in statistics?
173,What is your approach to nonlinear regression analysis?
174,How do you interpret the output of a logistic regression model?
175,Can you discuss the application of factorial designs in experiments?
176,What methods do you use for dealing with heteroscedasticity in regression models?
177,How do you apply the concepts of combinatorics in data science?
178,Can you explain the significance of ANOVA in statistical analysis?
179,What is your approach to kernel methods in machine learning?
180,How do you utilize graph theory in data science projects?
181,Can you discuss the importance of sampling theory in data collection?
182,What are the key principles of game theory relevant to data science?
183,How do you apply differential equations in modeling dynamic systems?
184,Can you explain the use of optimization algorithms in machine learning?
185,What is the role of Fourier transforms in signal processing and data analysis?
186,How do you approach the challenge of sparse data in machine learning models?
187,Can you discuss the applications of discrete mathematics in data science?
188,What methods do you use for time series forecasting?
189,How do you validate the assumptions of statistical models?
190,Can you explain the concept of stochastic processes and their application?
191,What is the importance of information theory in data compression and transmission?
192,How do you utilize chaos theory in predictive modeling?
193,Can you discuss the role of decision trees in causal inference?
194,What are the applications of neural networks in solving complex non-linear problems?
195,How do you apply gradient descent in optimization problems?
196,Can you explain the use of clustering techniques in unsupervised learning?
197,What methods do you use for dimensionality reduction besides PCA?
198,How do you assess the stability and robustness of a machine learning model?
199,Can you discuss the application of mathematical modeling in environmental data analysis?
200,How do you apply reinforcement learning to solve real-world problems?
201,Can you discuss the application of semantic analysis in natural language processing?
202,What is your approach to anomaly detection in high-dimensional data?
203,How do you use graph neural networks in your data science projects?
204,Can you explain the significance of adversarial examples in machine learning?
205,What are the challenges in implementing end-to-end machine learning pipelines?
206,How do you optimize hyperparameters in a deep learning model?
207,Can you discuss the use of blockchain for data integrity and auditability?
208,What is your approach to multi-objective optimization in machine learning?
209,How do you apply deep reinforcement learning in complex environments?
210,Can you explain the concept of transfer learning in deep learning?
211,What are the latest advancements in generative adversarial networks (GANs)?
212,How do you address the challenges of scalability and efficiency in deep learning?
213,Can you discuss the application of quantum machine learning?
214,What is your approach to feature extraction in image and video analysis?
215,How do you use convolutional neural networks for object detection?
216,Can you explain the concept of federated learning in data privacy?
217,What are the ethical considerations in deploying AI systems?
218,How do you implement natural language understanding in AI applications?
219,Can you discuss the challenges in multi-agent systems and cooperative AI?
220,What is your approach to handling streaming data in real-time analytics?
221,How do you ensure interpretability in complex machine learning models?
222,Can you explain the significance of recurrent neural networks in time series analysis?
223,What are the latest developments in AI for predictive healthcare?
224,How do you apply AI in the field of autonomous robotics?
225,Can you discuss the application of deep learning in speech recognition?
226,What is your approach to utilizing AI for creative content generation?
227,How do you integrate AI into IoT devices for smart applications?
228,Can you explain the role of AI in cybersecurity threat detection?
229,What are the challenges in AI model generalization across different domains?
230,How do you use unsupervised learning for data exploration and discovery?
231,Can you discuss the application of AI in precision agriculture?
232,What is your approach to sentiment analysis in multilingual contexts?
233,How do you implement AI in enhancing user interfaces and experiences?
234,Can you explain the concept of self-supervised learning in AI?
235,What are the implications of AI in environmental monitoring and conservation?
236,How do you apply machine learning in financial time series analysis?
237,Can you discuss the use of AI in augmenting human decision-making?
238,What is your approach to AI-driven content moderation and filtering?
239,How do you address fairness and bias in AI algorithms?
240,Can you explain the application of AI in retail inventory management?
241,What are the latest trends in AI for personalized education and learning?
242,How do you leverage AI for energy consumption optimization?
243,Can you discuss the role of AI in disaster response and management?
244,What is your approach to predictive modeling in customer behavior analysis?
245,How do you use AI to enhance supply chain and logistics efficiency?
246,Can you explain the concept of AI in smart city infrastructure management?
247,What are the challenges in integrating AI with traditional business processes?
248,How do you apply AI for real-time language translation?
249,Can you discuss the application of AI in cultural heritage preservation and restoration?
